{"cameraMode":{"drawMode":0,"name":"Shaded","section":"Shading Mode"},"sceneLighting":true,"audioPlay":false,"sceneViewState":{"showFog":true,"showMaterialUpdate":false,"showSkybox":true,"showFlares":true,"showImageEffects":true,"showParticleSystems":true},"in2DMode":false,"pivot":{"x":-2.9134812355041506,"y":2.685979127883911,"z":0.7322555184364319},"rotation":{"x":0.07861710339784622,"y":0.8365553617477417,"z":-0.12464023381471634,"w":0.5277411341667175},"size":13.729326248168946,"orthographic":false}