{"cameraMode":{"drawMode":0,"name":"Shaded","section":"Shading Mode"},"sceneLighting":false,"audioPlay":false,"sceneViewState":{"showFog":true,"showMaterialUpdate":false,"showSkybox":false,"showFlares":true,"showImageEffects":true,"showParticleSystems":false},"in2DMode":false,"pivot":{"x":-0.01994001865386963,"y":0.5013895034790039,"z":-1.5799999237060547},"rotation":{"x":0.10083261132240296,"y":0.7972557544708252,"z":-0.13890771567821504,"w":0.5787292122840881},"size":14.395804405212403,"orthographic":false}