{"cameraMode":{"drawMode":2,"name":"Shaded Wireframe","section":"Shading Mode"},"sceneLighting":false,"audioPlay":false,"sceneViewState":{"showFog":true,"showMaterialUpdate":false,"showSkybox":false,"showFlares":true,"showImageEffects":true,"showParticleSystems":false},"in2DMode":false,"pivot":{"x":0.968407392501831,"y":-0.12167954444885254,"z":2.911588191986084},"rotation":{"x":0.10844168066978455,"y":0.7594449520111084,"z":-0.13114304840564729,"w":0.6279435753822327},"size":9.458418846130371,"orthographic":false}