{"cameraMode":{"drawMode":2,"name":"Shaded Wireframe","section":"Shading Mode"},"sceneLighting":false,"audioPlay":false,"sceneViewState":{"showFog":true,"showMaterialUpdate":false,"showSkybox":false,"showFlares":true,"showImageEffects":true,"showParticleSystems":false},"in2DMode":false,"pivot":{"x":0.18967938423156739,"y":0.39623594284057619,"z":-24.052898406982423},"rotation":{"x":0.1231212243437767,"y":0.8236277103424072,"z":-0.1957961767911911,"w":0.5178582072257996},"size":6.983269691467285,"orthographic":false}