{"cameraMode":{"drawMode":0,"name":"Shaded","section":"Shading Mode"},"sceneLighting":true,"audioPlay":false,"sceneViewState":{"showFog":true,"showMaterialUpdate":false,"showSkybox":true,"showFlares":true,"showImageEffects":true,"showParticleSystems":false},"in2DMode":false,"pivot":{"x":3.6952319145202638,"y":4.505865573883057,"z":5.870388031005859},"rotation":{"x":0.027218744158744813,"y":0.7049089670181274,"z":-0.027071954682469369,"w":0.7082939147949219},"size":11.631153106689454,"orthographic":false}