{"cameraMode":{"drawMode":0,"name":"Shaded","section":"Shading Mode"},"sceneLighting":false,"audioPlay":false,"sceneViewState":{"showFog":true,"showMaterialUpdate":false,"showSkybox":false,"showFlares":true,"showImageEffects":true,"showParticleSystems":false},"in2DMode":false,"pivot":{"x":0.7288098335266113,"y":0.9505615234375,"z":-5.402080535888672},"rotation":{"x":0.08583971112966538,"y":0.7090973854064941,"z":-0.08766184747219086,"w":0.6943609118461609},"size":5.937281131744385,"orthographic":false}