{"cameraMode":{"drawMode":0,"name":"Shaded","section":"Shading Mode"},"sceneLighting":true,"audioPlay":false,"sceneViewState":{"showFog":true,"showMaterialUpdate":false,"showSkybox":true,"showFlares":true,"showImageEffects":true,"showParticleSystems":false},"in2DMode":false,"pivot":{"x":7.309684753417969,"y":1.246530532836914,"z":-0.5791853666305542},"rotation":{"x":0.10264291614294052,"y":0.7247329354286194,"z":-0.1106446161866188,"w":0.6723170876502991},"size":24.270898818969728,"orthographic":false}