{"cameraMode":{"drawMode":0,"name":"Shaded","section":"Shading Mode"},"sceneLighting":false,"audioPlay":false,"sceneViewState":{"showFog":true,"showMaterialUpdate":false,"showSkybox":false,"showFlares":true,"showImageEffects":true,"showParticleSystems":false},"in2DMode":false,"pivot":{"x":-0.01994001865386963,"y":0.5013895034790039,"z":5.420000076293945},"rotation":{"x":0.007867305539548397,"y":0.6622830033302307,"z":-0.006953448057174683,"w":0.7491958141326904},"size":14.395803451538086,"orthographic":false}