{"cameraMode":{"drawMode":0,"name":"Shaded","section":"Shading Mode"},"sceneLighting":true,"audioPlay":false,"sceneViewState":{"showFog":true,"showMaterialUpdate":false,"showSkybox":true,"showFlares":true,"showImageEffects":true,"showParticleSystems":false},"in2DMode":false,"pivot":{"x":31.383193969726564,"y":-9.043190002441407,"z":0.6670300960540772},"rotation":{"x":0.0994747057557106,"y":0.7133013010025024,"z":-0.10343100875616074,"w":0.6860105395317078},"size":67.68150329589844,"orthographic":false}