{"cameraMode":{"drawMode":0,"name":"Shaded","section":"Shading Mode"},"sceneLighting":false,"audioPlay":false,"sceneViewState":{"showFog":true,"showMaterialUpdate":false,"showSkybox":false,"showFlares":true,"showImageEffects":true,"showParticleSystems":false},"in2DMode":false,"pivot":{"x":-0.01994001865386963,"y":7.501392364501953,"z":5.420001029968262},"rotation":{"x":0.08548637479543686,"y":0.7631863355636597,"z":-0.10318708419799805,"w":0.632186233997345},"size":14.395804405212403,"orthographic":false}