{"cameraMode":{"drawMode":0,"name":"Shaded","section":"Shading Mode"},"sceneLighting":false,"audioPlay":false,"sceneViewState":{"showFog":true,"showMaterialUpdate":false,"showSkybox":false,"showFlares":true,"showImageEffects":true,"showParticleSystems":true},"in2DMode":false,"pivot":{"x":-2.662090301513672,"y":8.128857612609864,"z":6.1091532707214359},"rotation":{"x":0.1254688948392868,"y":0.5677163600921631,"z":-0.08806674927473068,"w":0.8088273406028748},"size":1.4289418458938599,"orthographic":false}