{"cameraMode":{"drawMode":0,"name":"Shaded","section":"Shading Mode"},"sceneLighting":true,"audioPlay":false,"sceneViewState":{"showFog":true,"showMaterialUpdate":true,"showSkybox":true,"showFlares":true,"showImageEffects":true,"showParticleSystems":true},"in2DMode":false,"pivot":{"x":-8.722463607788086,"y":1.4835811853408814,"z":-0.25994089245796206},"rotation":{"x":0.15299567580223084,"y":0.6956624388694763,"z":-0.1554812639951706,"w":0.6844778656959534},"size":2.6716978549957277,"orthographic":false}