{"cameraMode":{"drawMode":0,"name":"Shaded","section":"Shading Mode"},"sceneLighting":false,"audioPlay":false,"sceneViewState":{"showFog":true,"showMaterialUpdate":false,"showSkybox":false,"showFlares":true,"showImageEffects":true,"showParticleSystems":true},"in2DMode":false,"pivot":{"x":8.418313980102539,"y":1.8198529481887818,"z":8.32392692565918},"rotation":{"x":0.20559890568256379,"y":0.30802175402641299,"z":-0.06836191564798355,"w":0.9263817071914673},"size":0.7144709229469299,"orthographic":false}