{"cameraMode":{"drawMode":0,"name":"Shaded","section":"Shading Mode"},"sceneLighting":true,"audioPlay":false,"sceneViewState":{"showFog":true,"showMaterialUpdate":false,"showSkybox":true,"showFlares":true,"showImageEffects":true,"showParticleSystems":false},"in2DMode":false,"pivot":{"x":3.2603378295898439,"y":125.30795288085938,"z":-24.01179313659668},"rotation":{"x":0.012320084497332573,"y":0.7289082407951355,"z":-0.013121764175593853,"w":0.684374988079071},"size":67.68150329589844,"orthographic":false}