{"cameraMode":{"drawMode":2,"name":"Shaded Wireframe","section":"Shading Mode"},"sceneLighting":false,"audioPlay":false,"sceneViewState":{"showFog":true,"showMaterialUpdate":false,"showSkybox":false,"showFlares":true,"showImageEffects":true,"showParticleSystems":true},"in2DMode":false,"pivot":{"x":7.1845598220825199,"y":-2.615987539291382,"z":-6.642609596252441},"rotation":{"x":0.1929725855588913,"y":0.6162938475608826,"z":-0.1592739373445511,"w":0.7467210292816162},"size":13.850140571594239,"orthographic":false}