{"cameraMode":{"drawMode":2,"name":"Shaded Wireframe","section":"Shading Mode"},"sceneLighting":false,"audioPlay":false,"sceneViewState":{"showFog":true,"showMaterialUpdate":false,"showSkybox":false,"showFlares":true,"showImageEffects":true,"showParticleSystems":true},"in2DMode":false,"pivot":{"x":2.3018903732299806,"y":14.580772399902344,"z":-1.7428953647613526},"rotation":{"x":0.08776723593473435,"y":0.8249627947807312,"z":-0.13355563580989839,"w":0.5421399474143982},"size":8.101463317871094,"orthographic":false}