{"cameraMode":{"drawMode":0,"name":"Shaded","section":"Shading Mode"},"sceneLighting":true,"audioPlay":false,"sceneViewState":{"showFog":true,"showMaterialUpdate":false,"showSkybox":true,"showFlares":true,"showImageEffects":true,"showParticleSystems":false},"in2DMode":false,"pivot":{"x":3.1542863845825197,"y":-1.8540095090866089,"z":-9.238798141479493},"rotation":{"x":0.10359266400337219,"y":0.5698986053466797,"z":-0.07270509004592896,"w":0.8119341135025024},"size":17.22232437133789,"orthographic":false}