{"cameraMode":{"drawMode":0,"name":"Shaded","section":"Shading Mode"},"sceneLighting":true,"audioPlay":false,"sceneViewState":{"showFog":true,"showMaterialUpdate":true,"showSkybox":true,"showFlares":true,"showImageEffects":true,"showParticleSystems":true},"in2DMode":false,"pivot":{"x":-6.091793060302734,"y":0.6837297677993774,"z":3.7418904304504396},"rotation":{"x":0.08905021101236344,"y":0.7272061109542847,"z":-0.09610763937234879,"w":0.6738017201423645},"size":10.892763137817383,"orthographic":false}