{"cameraMode":{"drawMode":0,"name":"Shaded","section":"Shading Mode"},"sceneLighting":false,"audioPlay":false,"sceneViewState":{"showFog":true,"showMaterialUpdate":false,"showSkybox":false,"showFlares":true,"showImageEffects":true,"showParticleSystems":true},"in2DMode":false,"pivot":{"x":-0.01994001865386963,"y":14.499000549316407,"z":5.420000076293945},"rotation":{"x":0.1085500493645668,"y":0.7042351365089417,"z":-0.11032858490943909,"w":0.6929135322570801},"size":14.395803451538086,"orthographic":false}