{"cameraMode":{"drawMode":0,"name":"Shaded","section":"Shading Mode"},"sceneLighting":false,"audioPlay":false,"sceneViewState":{"showFog":true,"showMaterialUpdate":false,"showSkybox":false,"showFlares":true,"showImageEffects":true,"showParticleSystems":false},"in2DMode":false,"pivot":{"x":0.19825506210327149,"y":1.49192476272583,"z":-13.270995140075684},"rotation":{"x":0.10083261132240296,"y":0.7972557544708252,"z":-0.13890771567821504,"w":0.5787292122840881},"size":5.975432395935059,"orthographic":false}