{"cameraMode":{"drawMode":0,"name":"Shaded","section":"Shading Mode"},"sceneLighting":false,"audioPlay":false,"sceneViewState":{"showFog":true,"showMaterialUpdate":false,"showSkybox":false,"showFlares":true,"showImageEffects":true,"showParticleSystems":false},"in2DMode":false,"pivot":{"x":-0.25,"y":0.5189834833145142,"z":5.096630096435547},"rotation":{"x":0.07036588340997696,"y":0.8130062222480774,"z":-0.10050729662179947,"w":0.5691902041435242},"size":6.557366371154785,"orthographic":false}