{"cameraMode":{"drawMode":2,"name":"Shaded Wireframe","section":"Shading Mode"},"sceneLighting":false,"audioPlay":false,"sceneViewState":{"showFog":true,"showMaterialUpdate":false,"showSkybox":false,"showFlares":true,"showImageEffects":true,"showParticleSystems":true},"in2DMode":false,"pivot":{"x":0.5159397721290588,"y":9.499372482299805,"z":0.42366576194763186},"rotation":{"x":0.12273868918418884,"y":0.7162436842918396,"z":-0.1303352415561676,"w":0.6745088696479797},"size":11.68503475189209,"orthographic":false}