{"cameraMode":{"drawMode":0,"name":"Shaded","section":"Shading Mode"},"sceneLighting":false,"audioPlay":false,"sceneViewState":{"showFog":true,"showMaterialUpdate":false,"showSkybox":false,"showFlares":true,"showImageEffects":true,"showParticleSystems":false},"in2DMode":false,"pivot":{"x":0.38387998938560488,"y":0.5901399850845337,"z":-0.0215620007365942},"rotation":{"x":0.07518769055604935,"y":0.44229939579963686,"z":-0.03723473101854324,"w":0.8929488658905029},"size":22.0,"orthographic":false}